"name","price","description","category","tag","sizes","image","stockStatus"
"Strike Tee","29","Lightweight and moisture-wicking performance tee for intense training sessions.","Men — T-Shirts","NEW","XS,S,M,L,XL,XXL","https://images.unsplash.com/photo-1521572163474-6864f9cf17ab?w=400&q=80","sold_out"
"Velocity Tee","31","Engineered mesh fabric keeps you cool during high-output workouts.","Men — T-Shirts","HOT","XS,S,M,L,XL,XXL","https://images.unsplash.com/photo-1521572163474-6864f9cf17ab?w=400&q=80","active"
"Phantom Graphic Tee","33","Bold graphic design with premium cotton-poly blend construction.","Men — T-Shirts","SALE","XS,S,M,L,XL,XXL","https://images.unsplash.com/photo-1521572163474-6864f9cf17ab?w=400&q=80","active"
"Edge Oversized Tee","35","Relaxed oversized cut with anti-odour technology for all-day comfort.","Men — T-Shirts","EXCLUSIVE","XS,S,M,L,XL,XXL","https://images.unsplash.com/photo-1521572163474-6864f9cf17ab?w=400&q=80","active"
"Core Compression Tee","37","Compression fit to support muscle recovery and reduce fatigue.","Men — T-Shirts","LIMITED","XS,S,M,L,XL,XXL","https://images.unsplash.com/photo-1521572163474-6864f9cf17ab?w=400&q=80","active"
"Apex Performance Tee","39","Lightweight and moisture-wicking performance tee for intense training sessions.","Men — T-Shirts","BESTSELLER","XS,S,M,L,XL,XXL","https://images.unsplash.com/photo-1521572163474-6864f9cf17ab?w=400&q=80","active"
"Stealth Dry-Fit Tee","41","Engineered mesh fabric keeps you cool during high-output workouts.","Men — T-Shirts","","XS,S,M,L,XL,XXL","https://images.unsplash.com/photo-1521572163474-6864f9cf17ab?w=400&q=80","active"
"Altitude Training Tee","43","Bold graphic design with premium cotton-poly blend construction.","Men — T-Shirts","","XS,S,M,L,XL,XXL","https://images.unsplash.com/photo-1521572163474-6864f9cf17ab?w=400&q=80","active"
"Force Muscle Tee","45","Relaxed oversized cut with anti-odour technology for all-day comfort.","Men — T-Shirts","","XS,S,M,L,XL,XXL","https://images.unsplash.com/photo-1521572163474-6864f9cf17ab?w=400&q=80","active"
"Grid Texture Tee","47","Compression fit to support muscle recovery and reduce fatigue.","Men — T-Shirts","NEW","XS,S,M,L,XL,XXL","https://images.unsplash.com/photo-1521572163474-6864f9cf17ab?w=400&q=80","active"
"Urban Runner Tee","49","Lightweight and moisture-wicking performance tee for intense training sessions.","Men — T-Shirts","HOT","XS,S,M,L,XL,XXL","https://images.unsplash.com/photo-1521572163474-6864f9cf17ab?w=400&q=80","active"
"Shadow Print Tee","51","Engineered mesh fabric keeps you cool during high-output workouts.","Men — T-Shirts","SALE","XS,S,M,L,XL,XXL","https://images.unsplash.com/photo-1521572163474-6864f9cf17ab?w=400&q=80","active"
"Rush Longline Tee","53","Bold graphic design with premium cotton-poly blend construction.","Men — T-Shirts","EXCLUSIVE","XS,S,M,L,XL,XXL","https://images.unsplash.com/photo-1521572163474-6864f9cf17ab?w=400&q=80","active"
"Combat Tee","55","Relaxed oversized cut with anti-odour technology for all-day comfort.","Men — T-Shirts","LIMITED","XS,S,M,L,XL,XXL","https://images.unsplash.com/photo-1521572163474-6864f9cf17ab?w=400&q=80","active"
"Blaze Reflective Tee","57","Compression fit to support muscle recovery and reduce fatigue.","Men — T-Shirts","BESTSELLER","XS,S,M,L,XL,XXL","https://images.unsplash.com/photo-1521572163474-6864f9cf17ab?w=400&q=80","active"
"Alpha Mesh Tee","59","Lightweight and moisture-wicking performance tee for intense training sessions.","Men — T-Shirts","","XS,S,M,L,XL,XXL","https://images.unsplash.com/photo-1521572163474-6864f9cf17ab?w=400&q=80","sold_out"
"Summit Tee","61","Engineered mesh fabric keeps you cool during high-output workouts.","Men — T-Shirts","","XS,S,M,L,XL,XXL","https://images.unsplash.com/photo-1521572163474-6864f9cf17ab?w=400&q=80","active"
"Drift Tee","63","Bold graphic design with premium cotton-poly blend construction.","Men — T-Shirts","","XS,S,M,L,XL,XXL","https://images.unsplash.com/photo-1521572163474-6864f9cf17ab?w=400&q=80","active"
"Rage Graphic Tee","65","Relaxed oversized cut with anti-odour technology for all-day comfort.","Men — T-Shirts","NEW","XS,S,M,L,XL,XXL","https://images.unsplash.com/photo-1521572163474-6864f9cf17ab?w=400&q=80","active"
"Titan Base Layer Tee","67","Compression fit to support muscle recovery and reduce fatigue.","Men — T-Shirts","HOT","XS,S,M,L,XL,XXL","https://images.unsplash.com/photo-1521572163474-6864f9cf17ab?w=400&q=80","active"
"Rival Oxford Shirt","59","Tailored fit Oxford shirt with moisture management for active lifestyles.","Men — Shirts","SALE","XS,S,M,L,XL,XXL","https://images.unsplash.com/photo-1598300042247-d088f8ab3a91?w=400&q=80","active"
"Precision Check Shirt","62","Classic check pattern with 4-way stretch for unrestricted movement.","Men — Shirts","EXCLUSIVE","XS,S,M,L,XL,XXL","https://images.unsplash.com/photo-1598300042247-d088f8ab3a91?w=400&q=80","active"
"Trek Field Shirt","65","Durable field shirt with multiple pockets for outdoor adventures.","Men — Shirts","LIMITED","XS,S,M,L,XL,XXL","https://images.unsplash.com/photo-1598300042247-d088f8ab3a91?w=400&q=80","active"
"Velo Linen Shirt","68","Tailored fit Oxford shirt with moisture management for active lifestyles.","Men — Shirts","BESTSELLER","XS,S,M,L,XL,XXL","https://images.unsplash.com/photo-1598300042247-d088f8ab3a91?w=400&q=80","active"
"Storm Half-Zip Shirt","71","Classic check pattern with 4-way stretch for unrestricted movement.","Men — Shirts","","XS,S,M,L,XL,XXL","https://images.unsplash.com/photo-1598300042247-d088f8ab3a91?w=400&q=80","active"
"Crew Flannel Shirt","74","Durable field shirt with multiple pockets for outdoor adventures.","Men — Shirts","","XS,S,M,L,XL,XXL","https://images.unsplash.com/photo-1598300042247-d088f8ab3a91?w=400&q=80","active"
"Circuit Button-Down","77","Tailored fit Oxford shirt with moisture management for active lifestyles.","Men — Shirts","","XS,S,M,L,XL,XXL","https://images.unsplash.com/photo-1598300042247-d088f8ab3a91?w=400&q=80","active"
"Ascent Utility Shirt","80","Classic check pattern with 4-way stretch for unrestricted movement.","Men — Shirts","NEW","XS,S,M,L,XL,XXL","https://images.unsplash.com/photo-1598300042247-d088f8ab3a91?w=400&q=80","active"
"Stance Chambray Shirt","83","Durable field shirt with multiple pockets for outdoor adventures.","Men — Shirts","HOT","XS,S,M,L,XL,XXL","https://images.unsplash.com/photo-1598300042247-d088f8ab3a91?w=400&q=80","active"
"Motion Stretch Shirt","86","Tailored fit Oxford shirt with moisture management for active lifestyles.","Men — Shirts","SALE","XS,S,M,L,XL,XXL","https://images.unsplash.com/photo-1598300042247-d088f8ab3a91?w=400&q=80","active"
"Form Slim Shirt","89","Classic check pattern with 4-way stretch for unrestricted movement.","Men — Shirts","EXCLUSIVE","XS,S,M,L,XL,XXL","https://images.unsplash.com/photo-1598300042247-d088f8ab3a91?w=400&q=80","active"
"Matrix Printed Shirt","92","Durable field shirt with multiple pockets for outdoor adventures.","Men — Shirts","LIMITED","XS,S,M,L,XL,XXL","https://images.unsplash.com/photo-1598300042247-d088f8ab3a91?w=400&q=80","active"
"Control Poplin Shirt","95","Tailored fit Oxford shirt with moisture management for active lifestyles.","Men — Shirts","BESTSELLER","XS,S,M,L,XL,XXL","https://images.unsplash.com/photo-1598300042247-d088f8ab3a91?w=400&q=80","sold_out"
"Surge Technical Shirt","98","Classic check pattern with 4-way stretch for unrestricted movement.","Men — Shirts","","XS,S,M,L,XL,XXL","https://images.unsplash.com/photo-1598300042247-d088f8ab3a91?w=400&q=80","active"
"Drift Resort Shirt","101","Durable field shirt with multiple pockets for outdoor adventures.","Men — Shirts","","XS,S,M,L,XL,XXL","https://images.unsplash.com/photo-1598300042247-d088f8ab3a91?w=400&q=80","active"
"Classic Pique Polo","49","Premium pique polo with moisture-wicking technology and modern slim fit.","Men — Polo Shirts","BESTSELLER","XS,S,M,L,XL,XXL","https://images.unsplash.com/photo-1585386959984-a4155224a1ad?w=400&q=80","active"
"Drive Performance Polo","53","Premium pique polo with moisture-wicking technology and modern slim fit.","Men — Polo Shirts","","XS,S,M,L,XL,XXL","https://images.unsplash.com/photo-1585386959984-a4155224a1ad?w=400&q=80","active"
"Court Slim Polo","57","Premium pique polo with moisture-wicking technology and modern slim fit.","Men — Polo Shirts","","XS,S,M,L,XL,XXL","https://images.unsplash.com/photo-1585386959984-a4155224a1ad?w=400&q=80","active"
"Tour Dry-Fit Polo","61","Premium pique polo with moisture-wicking technology and modern slim fit.","Men — Polo Shirts","","XS,S,M,L,XL,XXL","https://images.unsplash.com/photo-1585386959984-a4155224a1ad?w=400&q=80","active"
"Pro Heritage Polo","65","Premium pique polo with moisture-wicking technology and modern slim fit.","Men — Polo Shirts","NEW","XS,S,M,L,XL,XXL","https://images.unsplash.com/photo-1585386959984-a4155224a1ad?w=400&q=80","active"
"Match Day Polo","69","Premium pique polo with moisture-wicking technology and modern slim fit.","Men — Polo Shirts","HOT","XS,S,M,L,XL,XXL","https://images.unsplash.com/photo-1585386959984-a4155224a1ad?w=400&q=80","active"
"Fairway Polo","73","Premium pique polo with moisture-wicking technology and modern slim fit.","Men — Polo Shirts","SALE","XS,S,M,L,XL,XXL","https://images.unsplash.com/photo-1585386959984-a4155224a1ad?w=400&q=80","active"
"Terrain Polo","77","Premium pique polo with moisture-wicking technology and modern slim fit.","Men — Polo Shirts","EXCLUSIVE","XS,S,M,L,XL,XXL","https://images.unsplash.com/photo-1585386959984-a4155224a1ad?w=400&q=80","active"
"Signal Polo","81","Premium pique polo with moisture-wicking technology and modern slim fit.","Men — Polo Shirts","LIMITED","XS,S,M,L,XL,XXL","https://images.unsplash.com/photo-1585386959984-a4155224a1ad?w=400&q=80","active"
"Crest Polo","85","Premium pique polo with moisture-wicking technology and modern slim fit.","Men — Polo Shirts","BESTSELLER","XS,S,M,L,XL,XXL","https://images.unsplash.com/photo-1585386959984-a4155224a1ad?w=400&q=80","sold_out"
"Blackout Pullover Hoodie","89","French terry fleece construction with kangaroo pocket and adjustable drawcord.","Men — Hoodies","HOT","XS,S,M,L,XL,XXL","https://images.unsplash.com/photo-1556821840-3a63f15732ce?w=400&q=80","active"
"Storm Full-Zip Hoodie","93","Full-zip design with bonded fleece lining for superior warmth.","Men — Hoodies","SALE","XS,S,M,L,XL,XXL","https://images.unsplash.com/photo-1556821840-3a63f15732ce?w=400&q=80","active"
"Core Fleece Hoodie","97","Oversized silhouette with drop-shoulder seams and ribbed cuffs.","Men — Hoodies","EXCLUSIVE","XS,S,M,L,XL,XXL","https://images.unsplash.com/photo-1556821840-3a63f15732ce?w=400&q=80","active"
"Phantom Oversized Hoodie","101","French terry fleece construction with kangaroo pocket and adjustable drawcord.","Men — Hoodies","LIMITED","XS,S,M,L,XL,XXL","https://images.unsplash.com/photo-1556821840-3a63f15732ce?w=400&q=80","active"
"Force Lined Hoodie","105","Full-zip design with bonded fleece lining for superior warmth.","Men — Hoodies","BESTSELLER","XS,S,M,L,XL,XXL","https://images.unsplash.com/photo-1556821840-3a63f15732ce?w=400&q=80","active"
"Peak Training Hoodie","109","Oversized silhouette with drop-shoulder seams and ribbed cuffs.","Men — Hoodies","","XS,S,M,L,XL,XXL","https://images.unsplash.com/photo-1556821840-3a63f15732ce?w=400&q=80","active"
"Grid Texture Hoodie","113","French terry fleece construction with kangaroo pocket and adjustable drawcord.","Men — Hoodies","","XS,S,M,L,XL,XXL","https://images.unsplash.com/photo-1556821840-3a63f15732ce?w=400&q=80","active"
"Urban Heavyweight Hoodie","117","Full-zip design with bonded fleece lining for superior warmth.","Men — Hoodies","","XS,S,M,L,XL,XXL","https://images.unsplash.com/photo-1556821840-3a63f15732ce?w=400&q=80","active"
"Stealth Zip Hoodie","121","Oversized silhouette with drop-shoulder seams and ribbed cuffs.","Men — Hoodies","NEW","XS,S,M,L,XL,XXL","https://images.unsplash.com/photo-1556821840-3a63f15732ce?w=400&q=80","active"
"Altitude Windproof Hoodie","125","French terry fleece construction with kangaroo pocket and adjustable drawcord.","Men — Hoodies","HOT","XS,S,M,L,XL,XXL","https://images.unsplash.com/photo-1556821840-3a63f15732ce?w=400&q=80","active"
"Rush Graphic Hoodie","129","Full-zip design with bonded fleece lining for superior warmth.","Men — Hoodies","SALE","XS,S,M,L,XL,XXL","https://images.unsplash.com/photo-1556821840-3a63f15732ce?w=400&q=80","active"
"Rival Sherpa Hoodie","133","Oversized silhouette with drop-shoulder seams and ribbed cuffs.","Men — Hoodies","EXCLUSIVE","XS,S,M,L,XL,XXL","https://images.unsplash.com/photo-1556821840-3a63f15732ce?w=400&q=80","active"
"Circuit Tech Hoodie","137","French terry fleece construction with kangaroo pocket and adjustable drawcord.","Men — Hoodies","LIMITED","XS,S,M,L,XL,XXL","https://images.unsplash.com/photo-1556821840-3a63f15732ce?w=400&q=80","active"
"Apex French Terry Hoodie","141","Full-zip design with bonded fleece lining for superior warmth.","Men — Hoodies","BESTSELLER","XS,S,M,L,XL,XXL","https://images.unsplash.com/photo-1556821840-3a63f15732ce?w=400&q=80","active"
"Shadow Crop Hoodie","145","Oversized silhouette with drop-shoulder seams and ribbed cuffs.","Men — Hoodies","","XS,S,M,L,XL,XXL","https://images.unsplash.com/photo-1556821840-3a63f15732ce?w=400&q=80","sold_out"
"Strike 5"" Training Short","39","Lightweight performance shorts with moisture management and stretch waistband.","Men — Shorts","EXCLUSIVE","S,M,L,XL,XXL","https://images.unsplash.com/photo-1562886812-a31a7b58cdf6?w=400&q=80","active"
"Velocity Compression Short","42","Lightweight performance shorts with moisture management and stretch waistband.","Men — Shorts","LIMITED","S,M,L,XL,XXL","https://images.unsplash.com/photo-1562886812-a31a7b58cdf6?w=400&q=80","active"
"Apex 7"" Running Short","45","Lightweight performance shorts with moisture management and stretch waistband.","Men — Shorts","BESTSELLER","S,M,L,XL,XXL","https://images.unsplash.com/photo-1562886812-a31a7b58cdf6?w=400&q=80","active"
"Core Woven Short","48","Lightweight performance shorts with moisture management and stretch waistband.","Men — Shorts","","S,M,L,XL,XXL","https://images.unsplash.com/photo-1562886812-a31a7b58cdf6?w=400&q=80","active"
"Grid Mesh Short","51","Lightweight performance shorts with moisture management and stretch waistband.","Men — Shorts","","S,M,L,XL,XXL","https://images.unsplash.com/photo-1562886812-a31a7b58cdf6?w=400&q=80","active"
"Urban Cargo Short","54","Lightweight performance shorts with moisture management and stretch waistband.","Men — Shorts","","S,M,L,XL,XXL","https://images.unsplash.com/photo-1562886812-a31a7b58cdf6?w=400&q=80","active"
"Force Hybrid Short","57","Lightweight performance shorts with moisture management and stretch waistband.","Men — Shorts","NEW","S,M,L,XL,XXL","https://images.unsplash.com/photo-1562886812-a31a7b58cdf6?w=400&q=80","active"
"Rush Swim Short","60","Lightweight performance shorts with moisture management and stretch waistband.","Men — Shorts","HOT","S,M,L,XL,XXL","https://images.unsplash.com/photo-1562886812-a31a7b58cdf6?w=400&q=80","active"
"Trail 9"" Short","63","Lightweight performance shorts with moisture management and stretch waistband.","Men — Shorts","SALE","S,M,L,XL,XXL","https://images.unsplash.com/photo-1562886812-a31a7b58cdf6?w=400&q=80","active"
"Performance Board Short","66","Lightweight performance shorts with moisture management and stretch waistband.","Men — Shorts","EXCLUSIVE","S,M,L,XL,XXL","https://images.unsplash.com/photo-1562886812-a31a7b58cdf6?w=400&q=80","active"
"Sprint Tight Short","69","Lightweight performance shorts with moisture management and stretch waistband.","Men — Shorts","LIMITED","S,M,L,XL,XXL","https://images.unsplash.com/photo-1562886812-a31a7b58cdf6?w=400&q=80","active"
"Court Short","72","Lightweight performance shorts with moisture management and stretch waistband.","Men — Shorts","BESTSELLER","S,M,L,XL,XXL","https://images.unsplash.com/photo-1562886812-a31a7b58cdf6?w=400&q=80","sold_out"
"Air Flux Pro Runner","89","Performance footwear engineered for maximum comfort and durability.","Men — Shoes","NEW","UK 7,UK 8,UK 9,UK 10,UK 11,UK 12","https://images.unsplash.com/photo-1542291026-7eec264c27ff?w=400&q=80","active"
"Stealth Trail Shoe","99","Performance footwear engineered for maximum comfort and durability.","Men — Shoes","HOT","UK 7,UK 8,UK 9,UK 10,UK 11,UK 12","https://images.unsplash.com/photo-1542291026-7eec264c27ff?w=400&q=80","active"
"Urban Edge Sneaker","109","Performance footwear engineered for maximum comfort and durability.","Men — Shoes","SALE","UK 7,UK 8,UK 9,UK 10,UK 11,UK 12","https://images.unsplash.com/photo-1542291026-7eec264c27ff?w=400&q=80","active"
"Force X1 Trainer","119","Performance footwear engineered for maximum comfort and durability.","Men — Shoes","EXCLUSIVE","UK 7,UK 8,UK 9,UK 10,UK 11,UK 12","https://images.unsplash.com/photo-1542291026-7eec264c27ff?w=400&q=80","active"
"Apex Cushion Runner","129","Performance footwear engineered for maximum comfort and durability.","Men — Shoes","LIMITED","UK 7,UK 8,UK 9,UK 10,UK 11,UK 12","https://images.unsplash.com/photo-1542291026-7eec264c27ff?w=400&q=80","active"
"Grid Tech Running Shoe","139","Performance footwear engineered for maximum comfort and durability.","Men — Shoes","BESTSELLER","UK 7,UK 8,UK 9,UK 10,UK 11,UK 12","https://images.unsplash.com/photo-1542291026-7eec264c27ff?w=400&q=80","active"
"Phantom Speed Racer","149","Performance footwear engineered for maximum comfort and durability.","Men — Shoes","","UK 7,UK 8,UK 9,UK 10,UK 11,UK 12","https://images.unsplash.com/photo-1542291026-7eec264c27ff?w=400&q=80","active"
"Storm GTX Boot","159","Performance footwear engineered for maximum comfort and durability.","Men — Shoes","","UK 7,UK 8,UK 9,UK 10,UK 11,UK 12","https://images.unsplash.com/photo-1542291026-7eec264c27ff?w=400&q=80","active"
"Core Cross-Trainer","169","Performance footwear engineered for maximum comfort and durability.","Men — Shoes","","UK 7,UK 8,UK 9,UK 10,UK 11,UK 12","https://images.unsplash.com/photo-1542291026-7eec264c27ff?w=400&q=80","active"
"Velocity Lite Runner","179","Performance footwear engineered for maximum comfort and durability.","Men — Shoes","NEW","UK 7,UK 8,UK 9,UK 10,UK 11,UK 12","https://images.unsplash.com/photo-1542291026-7eec264c27ff?w=400&q=80","active"
"Shadow Street Shoe","189","Performance footwear engineered for maximum comfort and durability.","Men — Shoes","HOT","UK 7,UK 8,UK 9,UK 10,UK 11,UK 12","https://images.unsplash.com/photo-1542291026-7eec264c27ff?w=400&q=80","active"
"Rush Daily Trainer","199","Performance footwear engineered for maximum comfort and durability.","Men — Shoes","SALE","UK 7,UK 8,UK 9,UK 10,UK 11,UK 12","https://images.unsplash.com/photo-1542291026-7eec264c27ff?w=400&q=80","active"
"Combat Basketball Shoe","209","Performance footwear engineered for maximum comfort and durability.","Men — Shoes","EXCLUSIVE","UK 7,UK 8,UK 9,UK 10,UK 11,UK 12","https://images.unsplash.com/photo-1542291026-7eec264c27ff?w=400&q=80","active"
"Circuit Court Shoe","219","Performance footwear engineered for maximum comfort and durability.","Men — Shoes","LIMITED","UK 7,UK 8,UK 9,UK 10,UK 11,UK 12","https://images.unsplash.com/photo-1542291026-7eec264c27ff?w=400&q=80","sold_out"
"Altitude Hiking Boot","229","Performance footwear engineered for maximum comfort and durability.","Men — Shoes","BESTSELLER","UK 7,UK 8,UK 9,UK 10,UK 11,UK 12","https://images.unsplash.com/photo-1542291026-7eec264c27ff?w=400&q=80","active"
"Drive Golf Shoe","239","Performance footwear engineered for maximum comfort and durability.","Men — Shoes","","UK 7,UK 8,UK 9,UK 10,UK 11,UK 12","https://images.unsplash.com/photo-1542291026-7eec264c27ff?w=400&q=80","active"
"Surge Road Runner","249","Performance footwear engineered for maximum comfort and durability.","Men — Shoes","","UK 7,UK 8,UK 9,UK 10,UK 11,UK 12","https://images.unsplash.com/photo-1542291026-7eec264c27ff?w=400&q=80","active"
"Blaze Track Spike","259","Performance footwear engineered for maximum comfort and durability.","Men — Shoes","","UK 7,UK 8,UK 9,UK 10,UK 11,UK 12","https://images.unsplash.com/photo-1542291026-7eec264c27ff?w=400&q=80","active"
"Matrix Training Shoe","269","Performance footwear engineered for maximum comfort and durability.","Men — Shoes","NEW","UK 7,UK 8,UK 9,UK 10,UK 11,UK 12","https://images.unsplash.com/photo-1542291026-7eec264c27ff?w=400&q=80","active"
"Rival Slip-On","279","Performance footwear engineered for maximum comfort and durability.","Men — Shoes","HOT","UK 7,UK 8,UK 9,UK 10,UK 11,UK 12","https://images.unsplash.com/photo-1542291026-7eec264c27ff?w=400&q=80","active"
"Storm Shell Jacket","129","High-performance outerwear with weather-resistant coating and sealed seams.","Men — Jackets","LIMITED","XS,S,M,L,XL,XXL","https://images.unsplash.com/photo-1551028719-00167b16eac5?w=400&q=80","active"
"Apex Puffer Jacket","141","High-performance outerwear with weather-resistant coating and sealed seams.","Men — Jackets","BESTSELLER","XS,S,M,L,XL,XXL","https://images.unsplash.com/photo-1551028719-00167b16eac5?w=400&q=80","active"
"Grid Windbreaker","153","High-performance outerwear with weather-resistant coating and sealed seams.","Men — Jackets","","XS,S,M,L,XL,XXL","https://images.unsplash.com/photo-1551028719-00167b16eac5?w=400&q=80","active"
"Force Softshell Jacket","165","High-performance outerwear with weather-resistant coating and sealed seams.","Men — Jackets","","XS,S,M,L,XL,XXL","https://images.unsplash.com/photo-1551028719-00167b16eac5?w=400&q=80","active"
"Phantom Fleece Jacket","177","High-performance outerwear with weather-resistant coating and sealed seams.","Men — Jackets","","XS,S,M,L,XL,XXL","https://images.unsplash.com/photo-1551028719-00167b16eac5?w=400&q=80","active"
"Urban Bomber Jacket","189","High-performance outerwear with weather-resistant coating and sealed seams.","Men — Jackets","NEW","XS,S,M,L,XL,XXL","https://images.unsplash.com/photo-1551028719-00167b16eac5?w=400&q=80","active"
"Stealth Rain Jacket","201","High-performance outerwear with weather-resistant coating and sealed seams.","Men — Jackets","HOT","XS,S,M,L,XL,XXL","https://images.unsplash.com/photo-1551028719-00167b16eac5?w=400&q=80","active"
"Peak 3-in-1 Jacket","213","High-performance outerwear with weather-resistant coating and sealed seams.","Men — Jackets","SALE","XS,S,M,L,XL,XXL","https://images.unsplash.com/photo-1551028719-00167b16eac5?w=400&q=80","active"
"Circuit Down Jacket","225","High-performance outerwear with weather-resistant coating and sealed seams.","Men — Jackets","EXCLUSIVE","XS,S,M,L,XL,XXL","https://images.unsplash.com/photo-1551028719-00167b16eac5?w=400&q=80","sold_out"
"Rush Track Jacket","237","High-performance outerwear with weather-resistant coating and sealed seams.","Men — Jackets","LIMITED","XS,S,M,L,XL,XXL","https://images.unsplash.com/photo-1551028719-00167b16eac5?w=400&q=80","active"
"Strike Full Tracksuit","119","Matching jacket and pant set in moisture-wicking performance fabric.","Men — Tracksuits","SALE","XS,S,M,L,XL,XXL","https://images.unsplash.com/photo-1571902943202-507ec2618e8f?w=400&q=80","active"
"Core Slim Tracksuit","127","Matching jacket and pant set in moisture-wicking performance fabric.","Men — Tracksuits","EXCLUSIVE","XS,S,M,L,XL,XXL","https://images.unsplash.com/photo-1571902943202-507ec2618e8f?w=400&q=80","active"
"Velocity Woven Tracksuit","135","Matching jacket and pant set in moisture-wicking performance fabric.","Men — Tracksuits","LIMITED","XS,S,M,L,XL,XXL","https://images.unsplash.com/photo-1571902943202-507ec2618e8f?w=400&q=80","active"
"Phantom Velour Tracksuit","143","Matching jacket and pant set in moisture-wicking performance fabric.","Men — Tracksuits","BESTSELLER","XS,S,M,L,XL,XXL","https://images.unsplash.com/photo-1571902943202-507ec2618e8f?w=400&q=80","active"
"Grid Training Tracksuit","151","Matching jacket and pant set in moisture-wicking performance fabric.","Men — Tracksuits","","XS,S,M,L,XL,XXL","https://images.unsplash.com/photo-1571902943202-507ec2618e8f?w=400&q=80","active"
"Urban Poly Tracksuit","159","Matching jacket and pant set in moisture-wicking performance fabric.","Men — Tracksuits","","XS,S,M,L,XL,XXL","https://images.unsplash.com/photo-1571902943202-507ec2618e8f?w=400&q=80","active"
"Force Tricot Tracksuit","167","Matching jacket and pant set in moisture-wicking performance fabric.","Men — Tracksuits","","XS,S,M,L,XL,XXL","https://images.unsplash.com/photo-1571902943202-507ec2618e8f?w=400&q=80","active"
"Stealth Retro Tracksuit","175","Matching jacket and pant set in moisture-wicking performance fabric.","Men — Tracksuits","NEW","XS,S,M,L,XL,XXL","https://images.unsplash.com/photo-1571902943202-507ec2618e8f?w=400&q=80","active"
"Rush Tech Tracksuit","183","Matching jacket and pant set in moisture-wicking performance fabric.","Men — Tracksuits","HOT","XS,S,M,L,XL,XXL","https://images.unsplash.com/photo-1571902943202-507ec2618e8f?w=400&q=80","active"
"Apex Premium Tracksuit","121","Matching jacket and pant set in moisture-wicking performance fabric.","Men — Tracksuits","SALE","XS,S,M,L,XL,XXL","https://images.unsplash.com/photo-1571902943202-507ec2618e8f?w=400&q=80","active"
"Strike Running Cap","19","Essential training accessory built for performance and style.","Men — Accessories","HOT","","https://images.unsplash.com/photo-1523275335684-37898b6baf30?w=400&q=80","active"
"Stealth Beanie","25","Essential training accessory built for performance and style.","Men — Accessories","SALE","","https://images.unsplash.com/photo-1523275335684-37898b6baf30?w=400&q=80","active"
"Force Gym Bag","59","Essential training accessory built for performance and style.","Men — Accessories","EXCLUSIVE","","https://images.unsplash.com/photo-1523275335684-37898b6baf30?w=400&q=80","active"
"Velocity Wristband Pack","15","Essential training accessory built for performance and style.","Men — Accessories","LIMITED","","https://images.unsplash.com/photo-1523275335684-37898b6baf30?w=400&q=80","active"
"Grid Sports Socks 3-Pack","18","Essential training accessory built for performance and style.","Men — Accessories","BESTSELLER","","https://images.unsplash.com/photo-1523275335684-37898b6baf30?w=400&q=80","active"
"Apex Water Bottle","35","Essential training accessory built for performance and style.","Men — Accessories","","","https://images.unsplash.com/photo-1523275335684-37898b6baf30?w=400&q=80","active"
"Rush Headband","12","Essential training accessory built for performance and style.","Men — Accessories","","","https://images.unsplash.com/photo-1523275335684-37898b6baf30?w=400&q=80","active"
"Core Compression Gloves","29","Essential training accessory built for performance and style.","Men — Accessories","","","https://images.unsplash.com/photo-1523275335684-37898b6baf30?w=400&q=80","active"
"Urban Backpack 25L","89","Essential training accessory built for performance and style.","Men — Accessories","NEW","","https://images.unsplash.com/photo-1523275335684-37898b6baf30?w=400&q=80","active"
"Shadow Sunglasses","49","Essential training accessory built for performance and style.","Men — Accessories","HOT","","https://images.unsplash.com/photo-1523275335684-37898b6baf30?w=400&q=80","active"
"Flow Fitted Tee","29","Soft and breathable women's tee with flattering fit and moisture-wicking finish.","Women — T-Shirts","EXCLUSIVE","XS,S,M,L,XL,XXL","https://images.unsplash.com/photo-1554568218-0f1715e72254?w=400&q=80","active"
"Bloom Crop Tee","31","Soft and breathable women's tee with flattering fit and moisture-wicking finish.","Women — T-Shirts","LIMITED","XS,S,M,L,XL,XXL","https://images.unsplash.com/photo-1554568218-0f1715e72254?w=400&q=80","active"
"Pulse Performance Tee","33","Soft and breathable women's tee with flattering fit and moisture-wicking finish.","Women — T-Shirts","BESTSELLER","XS,S,M,L,XL,XXL","https://images.unsplash.com/photo-1554568218-0f1715e72254?w=400&q=80","active"
"Zen Oversized Tee","35","Soft and breathable women's tee with flattering fit and moisture-wicking finish.","Women — T-Shirts","","XS,S,M,L,XL,XXL","https://images.unsplash.com/photo-1554568218-0f1715e72254?w=400&q=80","active"
"Rise Graphic Tee","37","Soft and breathable women's tee with flattering fit and moisture-wicking finish.","Women — T-Shirts","","XS,S,M,L,XL,XXL","https://images.unsplash.com/photo-1554568218-0f1715e72254?w=400&q=80","active"
"Aura Muscle Tee","39","Soft and breathable women's tee with flattering fit and moisture-wicking finish.","Women — T-Shirts","","XS,S,M,L,XL,XXL","https://images.unsplash.com/photo-1554568218-0f1715e72254?w=400&q=80","active"
"Luna Long-Sleeve Tee","41","Soft and breathable women's tee with flattering fit and moisture-wicking finish.","Women — T-Shirts","NEW","XS,S,M,L,XL,XXL","https://images.unsplash.com/photo-1554568218-0f1715e72254?w=400&q=80","active"
"Nova Mesh Tee","43","Soft and breathable women's tee with flattering fit and moisture-wicking finish.","Women — T-Shirts","HOT","XS,S,M,L,XL,XXL","https://images.unsplash.com/photo-1554568218-0f1715e72254?w=400&q=80","active"
"Radiance Seamless Tee","45","Soft and breathable women's tee with flattering fit and moisture-wicking finish.","Women — T-Shirts","SALE","XS,S,M,L,XL,XXL","https://images.unsplash.com/photo-1554568218-0f1715e72254?w=400&q=80","active"
"Glow Racerback Tee","47","Soft and breathable women's tee with flattering fit and moisture-wicking finish.","Women — T-Shirts","EXCLUSIVE","XS,S,M,L,XL,XXL","https://images.unsplash.com/photo-1554568218-0f1715e72254?w=400&q=80","active"
"Spirit Relaxed Tee","49","Soft and breathable women's tee with flattering fit and moisture-wicking finish.","Women — T-Shirts","LIMITED","XS,S,M,L,XL,XXL","https://images.unsplash.com/photo-1554568218-0f1715e72254?w=400&q=80","sold_out"
"Breeze Linen Tee","51","Soft and breathable women's tee with flattering fit and moisture-wicking finish.","Women — T-Shirts","BESTSELLER","XS,S,M,L,XL,XXL","https://images.unsplash.com/photo-1554568218-0f1715e72254?w=400&q=80","active"
"Dawn Training Tee","53","Soft and breathable women's tee with flattering fit and moisture-wicking finish.","Women — T-Shirts","","XS,S,M,L,XL,XXL","https://images.unsplash.com/photo-1554568218-0f1715e72254?w=400&q=80","active"
"Eclipse Compression Tee","55","Soft and breathable women's tee with flattering fit and moisture-wicking finish.","Women — T-Shirts","","XS,S,M,L,XL,XXL","https://images.unsplash.com/photo-1554568218-0f1715e72254?w=400&q=80","active"
"Flare Open-Back Tee","57","Soft and breathable women's tee with flattering fit and moisture-wicking finish.","Women — T-Shirts","","XS,S,M,L,XL,XXL","https://images.unsplash.com/photo-1554568218-0f1715e72254?w=400&q=80","active"
"Pulse Ribbed Crop","35","Supportive crop top with built-in liner and four-way stretch fabric.","Women — Crop Tops","SALE","XS,S,M,L,XL,XXL","https://images.unsplash.com/photo-1503342217505-b0a15ec3261c?w=400&q=80","sold_out"
"Flow Tie-Front Crop","38","Supportive crop top with built-in liner and four-way stretch fabric.","Women — Crop Tops","EXCLUSIVE","XS,S,M,L,XL,XXL","https://images.unsplash.com/photo-1503342217505-b0a15ec3261c?w=400&q=80","active"
"Rise Sports Crop","41","Supportive crop top with built-in liner and four-way stretch fabric.","Women — Crop Tops","LIMITED","XS,S,M,L,XL,XXL","https://images.unsplash.com/photo-1503342217505-b0a15ec3261c?w=400&q=80","active"
"Aura Seamless Crop","44","Supportive crop top with built-in liner and four-way stretch fabric.","Women — Crop Tops","BESTSELLER","XS,S,M,L,XL,XXL","https://images.unsplash.com/photo-1503342217505-b0a15ec3261c?w=400&q=80","active"
"Luna Twist Crop","47","Supportive crop top with built-in liner and four-way stretch fabric.","Women — Crop Tops","","XS,S,M,L,XL,XXL","https://images.unsplash.com/photo-1503342217505-b0a15ec3261c?w=400&q=80","active"
"Nova Print Crop","50","Supportive crop top with built-in liner and four-way stretch fabric.","Women — Crop Tops","","XS,S,M,L,XL,XXL","https://images.unsplash.com/photo-1503342217505-b0a15ec3261c?w=400&q=80","active"
"Radiance Cut-Out Crop","53","Supportive crop top with built-in liner and four-way stretch fabric.","Women — Crop Tops","","XS,S,M,L,XL,XXL","https://images.unsplash.com/photo-1503342217505-b0a15ec3261c?w=400&q=80","active"
"Zenith Crop Top","56","Supportive crop top with built-in liner and four-way stretch fabric.","Women — Crop Tops","NEW","XS,S,M,L,XL,XXL","https://images.unsplash.com/photo-1503342217505-b0a15ec3261c?w=400&q=80","active"
"Bloom Ruched Crop","59","Supportive crop top with built-in liner and four-way stretch fabric.","Women — Crop Tops","HOT","XS,S,M,L,XL,XXL","https://images.unsplash.com/photo-1503342217505-b0a15ec3261c?w=400&q=80","active"
"Spark Halter Crop","62","Supportive crop top with built-in liner and four-way stretch fabric.","Women — Crop Tops","SALE","XS,S,M,L,XL,XXL","https://images.unsplash.com/photo-1503342217505-b0a15ec3261c?w=400&q=80","active"
"Impact High-Support Bra","45","High-performance sports bra with moisture-wicking fabric and adjustable straps.","Women — Sports Bra","NEW","XS,S,M,L,XL,XXL","https://images.unsplash.com/photo-1506629082955-511b1aa562c8?w=400&q=80","active"
"Core Compression Bra","49","High-performance sports bra with moisture-wicking fabric and adjustable straps.","Women — Sports Bra","HOT","XS,S,M,L,XL,XXL","https://images.unsplash.com/photo-1506629082955-511b1aa562c8?w=400&q=80","active"
"Flow Racerback Bra","53","High-performance sports bra with moisture-wicking fabric and adjustable straps.","Women — Sports Bra","SALE","XS,S,M,L,XL,XXL","https://images.unsplash.com/photo-1506629082955-511b1aa562c8?w=400&q=80","active"
"Pulse Padded Bra","57","High-performance sports bra with moisture-wicking fabric and adjustable straps.","Women — Sports Bra","EXCLUSIVE","XS,S,M,L,XL,XXL","https://images.unsplash.com/photo-1506629082955-511b1aa562c8?w=400&q=80","active"
"Zenith Longline Bra","61","High-performance sports bra with moisture-wicking fabric and adjustable straps.","Women — Sports Bra","LIMITED","XS,S,M,L,XL,XXL","https://images.unsplash.com/photo-1506629082955-511b1aa562c8?w=400&q=80","active"
"Rise Strappy Bra","65","High-performance sports bra with moisture-wicking fabric and adjustable straps.","Women — Sports Bra","BESTSELLER","XS,S,M,L,XL,XXL","https://images.unsplash.com/photo-1506629082955-511b1aa562c8?w=400&q=80","active"
"Aura Medium-Support Bra","69","High-performance sports bra with moisture-wicking fabric and adjustable straps.","Women — Sports Bra","","XS,S,M,L,XL,XXL","https://images.unsplash.com/photo-1506629082955-511b1aa562c8?w=400&q=80","active"
"Luna Mesh Bra","73","High-performance sports bra with moisture-wicking fabric and adjustable straps.","Women — Sports Bra","","XS,S,M,L,XL,XXL","https://images.unsplash.com/photo-1506629082955-511b1aa562c8?w=400&q=80","active"
"Radiance Wireless Bra","77","High-performance sports bra with moisture-wicking fabric and adjustable straps.","Women — Sports Bra","","XS,S,M,L,XL,XXL","https://images.unsplash.com/photo-1506629082955-511b1aa562c8?w=400&q=80","active"
"Bloom Seamless Bra","81","High-performance sports bra with moisture-wicking fabric and adjustable straps.","Women — Sports Bra","NEW","XS,S,M,L,XL,XXL","https://images.unsplash.com/photo-1506629082955-511b1aa562c8?w=400&q=80","active"
"Vortex Tennis Dress","69","Versatile athletic dress combining performance fabric with effortless style.","Women — Dresses","LIMITED","XS,S,M,L,XL,XXL","https://images.unsplash.com/photo-1515886657613-9f3515b0c78f?w=400&q=80","active"
"Radiance Wrap Dress","74","Versatile athletic dress combining performance fabric with effortless style.","Women — Dresses","BESTSELLER","XS,S,M,L,XL,XXL","https://images.unsplash.com/photo-1515886657613-9f3515b0c78f?w=400&q=80","active"
"Flow Athletic Dress","79","Versatile athletic dress combining performance fabric with effortless style.","Women — Dresses","","XS,S,M,L,XL,XXL","https://images.unsplash.com/photo-1515886657613-9f3515b0c78f?w=400&q=80","active"
"Luna Pleated Dress","84","Versatile athletic dress combining performance fabric with effortless style.","Women — Dresses","","XS,S,M,L,XL,XXL","https://images.unsplash.com/photo-1515886657613-9f3515b0c78f?w=400&q=80","active"
"Pulse T-Shirt Dress","89","Versatile athletic dress combining performance fabric with effortless style.","Women — Dresses","","XS,S,M,L,XL,XXL","https://images.unsplash.com/photo-1515886657613-9f3515b0c78f?w=400&q=80","active"
"Bloom Shift Dress","94","Versatile athletic dress combining performance fabric with effortless style.","Women — Dresses","NEW","XS,S,M,L,XL,XXL","https://images.unsplash.com/photo-1515886657613-9f3515b0c78f?w=400&q=80","active"
"Aura Midi Dress","99","Versatile athletic dress combining performance fabric with effortless style.","Women — Dresses","HOT","XS,S,M,L,XL,XXL","https://images.unsplash.com/photo-1515886657613-9f3515b0c78f?w=400&q=80","active"
"Zenith Golf Dress","104","Versatile athletic dress combining performance fabric with effortless style.","Women — Dresses","SALE","XS,S,M,L,XL,XXL","https://images.unsplash.com/photo-1515886657613-9f3515b0c78f?w=400&q=80","active"
"Spirit Racquet Dress","109","Versatile athletic dress combining performance fabric with effortless style.","Women — Dresses","EXCLUSIVE","XS,S,M,L,XL,XXL","https://images.unsplash.com/photo-1515886657613-9f3515b0c78f?w=400&q=80","active"
"Rise Run Dress","114","Versatile athletic dress combining performance fabric with effortless style.","Women — Dresses","LIMITED","XS,S,M,L,XL,XXL","https://images.unsplash.com/photo-1515886657613-9f3515b0c78f?w=400&q=80","active"
"Flow High-Rise Legging","59","Ultra-soft yoga pants with four-way stretch and moisture-wicking technology.","Women — Yoga Pants","HOT","XS,S,M,L,XL,XXL","https://images.unsplash.com/photo-1518310383802-640c2de311b2?w=400&q=80","active"
"Pulse Flare Pant","63","Ultra-soft yoga pants with four-way stretch and moisture-wicking technology.","Women — Yoga Pants","SALE","XS,S,M,L,XL,XXL","https://images.unsplash.com/photo-1518310383802-640c2de311b2?w=400&q=80","active"
"Aura Wide-Leg Pant","67","Ultra-soft yoga pants with four-way stretch and moisture-wicking technology.","Women — Yoga Pants","EXCLUSIVE","XS,S,M,L,XL,XXL","https://images.unsplash.com/photo-1518310383802-640c2de311b2?w=400&q=80","active"
"Luna Seamless Tight","71","Ultra-soft yoga pants with four-way stretch and moisture-wicking technology.","Women — Yoga Pants","LIMITED","XS,S,M,L,XL,XXL","https://images.unsplash.com/photo-1518310383802-640c2de311b2?w=400&q=80","active"
"Rise 7/8 Legging","75","Ultra-soft yoga pants with four-way stretch and moisture-wicking technology.","Women — Yoga Pants","BESTSELLER","XS,S,M,L,XL,XXL","https://images.unsplash.com/photo-1518310383802-640c2de311b2?w=400&q=80","active"
"Zenith Compression Tight","79","Ultra-soft yoga pants with four-way stretch and moisture-wicking technology.","Women — Yoga Pants","","XS,S,M,L,XL,XXL","https://images.unsplash.com/photo-1518310383802-640c2de311b2?w=400&q=80","active"
"Bloom Ruched Legging","83","Ultra-soft yoga pants with four-way stretch and moisture-wicking technology.","Women — Yoga Pants","","XS,S,M,L,XL,XXL","https://images.unsplash.com/photo-1518310383802-640c2de311b2?w=400&q=80","active"
"Nova Tie-Dye Legging","87","Ultra-soft yoga pants with four-way stretch and moisture-wicking technology.","Women — Yoga Pants","","XS,S,M,L,XL,XXL","https://images.unsplash.com/photo-1518310383802-640c2de311b2?w=400&q=80","active"
"Radiance Mesh Legging","91","Ultra-soft yoga pants with four-way stretch and moisture-wicking technology.","Women — Yoga Pants","NEW","XS,S,M,L,XL,XXL","https://images.unsplash.com/photo-1518310383802-640c2de311b2?w=400&q=80","active"
"Spirit Maternity Legging","95","Ultra-soft yoga pants with four-way stretch and moisture-wicking technology.","Women — Yoga Pants","HOT","XS,S,M,L,XL,XXL","https://images.unsplash.com/photo-1518310383802-640c2de311b2?w=400&q=80","active"
"Pulse 3"" Run Short","39","Lightweight women's performance shorts with inner liner and anti-chafe seams.","Women — Shorts","EXCLUSIVE","XS,S,M,L,XL","https://images.unsplash.com/photo-1562886812-a31a7b58cdf6?w=400&q=80","active"
"Flow Bike Short","42","Lightweight women's performance shorts with inner liner and anti-chafe seams.","Women — Shorts","LIMITED","XS,S,M,L,XL","https://images.unsplash.com/photo-1562886812-a31a7b58cdf6?w=400&q=80","active"
"Rise Woven Short","45","Lightweight women's performance shorts with inner liner and anti-chafe seams.","Women — Shorts","BESTSELLER","XS,S,M,L,XL","https://images.unsplash.com/photo-1562886812-a31a7b58cdf6?w=400&q=80","active"
"Aura Compression Short","48","Lightweight women's performance shorts with inner liner and anti-chafe seams.","Women — Shorts","","XS,S,M,L,XL","https://images.unsplash.com/photo-1562886812-a31a7b58cdf6?w=400&q=80","active"
"Luna High-Rise Short","51","Lightweight women's performance shorts with inner liner and anti-chafe seams.","Women — Shorts","","XS,S,M,L,XL","https://images.unsplash.com/photo-1562886812-a31a7b58cdf6?w=400&q=80","active"
"Radiance 5"" Short","54","Lightweight women's performance shorts with inner liner and anti-chafe seams.","Women — Shorts","","XS,S,M,L,XL","https://images.unsplash.com/photo-1562886812-a31a7b58cdf6?w=400&q=80","active"
"Bloom Ruched Short","57","Lightweight women's performance shorts with inner liner and anti-chafe seams.","Women — Shorts","NEW","XS,S,M,L,XL","https://images.unsplash.com/photo-1562886812-a31a7b58cdf6?w=400&q=80","active"
"Spirit Mesh Short","60","Lightweight women's performance shorts with inner liner and anti-chafe seams.","Women — Shorts","HOT","XS,S,M,L,XL","https://images.unsplash.com/photo-1562886812-a31a7b58cdf6?w=400&q=80","active"
"Zenith Trail Short","63","Lightweight women's performance shorts with inner liner and anti-chafe seams.","Women — Shorts","SALE","XS,S,M,L,XL","https://images.unsplash.com/photo-1562886812-a31a7b58cdf6?w=400&q=80","active"
"Nova Printed Short","66","Lightweight women's performance shorts with inner liner and anti-chafe seams.","Women — Shorts","EXCLUSIVE","XS,S,M,L,XL","https://images.unsplash.com/photo-1562886812-a31a7b58cdf6?w=400&q=80","active"
"Aura Cloud Runner","79","Women's performance footwear with adaptive cushioning and breathable upper.","Women — Shoes","SALE","UK 3,UK 4,UK 5,UK 6,UK 7,UK 8","https://images.unsplash.com/photo-1543163521-1bf539c55dd2?w=400&q=80","sold_out"
"Flow Trail Shoe","88","Women's performance footwear with adaptive cushioning and breathable upper.","Women — Shoes","EXCLUSIVE","UK 3,UK 4,UK 5,UK 6,UK 7,UK 8","https://images.unsplash.com/photo-1543163521-1bf539c55dd2?w=400&q=80","active"
"Pulse Studio Trainer","97","Women's performance footwear with adaptive cushioning and breathable upper.","Women — Shoes","LIMITED","UK 3,UK 4,UK 5,UK 6,UK 7,UK 8","https://images.unsplash.com/photo-1543163521-1bf539c55dd2?w=400&q=80","active"
"Rise Road Runner","106","Women's performance footwear with adaptive cushioning and breathable upper.","Women — Shoes","BESTSELLER","UK 3,UK 4,UK 5,UK 6,UK 7,UK 8","https://images.unsplash.com/photo-1543163521-1bf539c55dd2?w=400&q=80","active"
"Luna Ballet Sneaker","115","Women's performance footwear with adaptive cushioning and breathable upper.","Women — Shoes","","UK 3,UK 4,UK 5,UK 6,UK 7,UK 8","https://images.unsplash.com/photo-1543163521-1bf539c55dd2?w=400&q=80","active"
"Radiance Platform Trainer","124","Women's performance footwear with adaptive cushioning and breathable upper.","Women — Shoes","","UK 3,UK 4,UK 5,UK 6,UK 7,UK 8","https://images.unsplash.com/photo-1543163521-1bf539c55dd2?w=400&q=80","active"
"Bloom Knit Runner","133","Women's performance footwear with adaptive cushioning and breathable upper.","Women — Shoes","","UK 3,UK 4,UK 5,UK 6,UK 7,UK 8","https://images.unsplash.com/photo-1543163521-1bf539c55dd2?w=400&q=80","active"
"Spirit Court Shoe","142","Women's performance footwear with adaptive cushioning and breathable upper.","Women — Shoes","NEW","UK 3,UK 4,UK 5,UK 6,UK 7,UK 8","https://images.unsplash.com/photo-1543163521-1bf539c55dd2?w=400&q=80","active"
"Zenith Walking Shoe","151","Women's performance footwear with adaptive cushioning and breathable upper.","Women — Shoes","HOT","UK 3,UK 4,UK 5,UK 6,UK 7,UK 8","https://images.unsplash.com/photo-1543163521-1bf539c55dd2?w=400&q=80","active"
"Nova Slip-On Trainer","160","Women's performance footwear with adaptive cushioning and breathable upper.","Women — Shoes","SALE","UK 3,UK 4,UK 5,UK 6,UK 7,UK 8","https://images.unsplash.com/photo-1543163521-1bf539c55dd2?w=400&q=80","active"
"Vibe High-Top","169","Women's performance footwear with adaptive cushioning and breathable upper.","Women — Shoes","EXCLUSIVE","UK 3,UK 4,UK 5,UK 6,UK 7,UK 8","https://images.unsplash.com/photo-1543163521-1bf539c55dd2?w=400&q=80","active"
"Wave Cushion Shoe","178","Women's performance footwear with adaptive cushioning and breathable upper.","Women — Shoes","LIMITED","UK 3,UK 4,UK 5,UK 6,UK 7,UK 8","https://images.unsplash.com/photo-1543163521-1bf539c55dd2?w=400&q=80","active"
"Glow Outdoor Boot","187","Women's performance footwear with adaptive cushioning and breathable upper.","Women — Shoes","BESTSELLER","UK 3,UK 4,UK 5,UK 6,UK 7,UK 8","https://images.unsplash.com/photo-1543163521-1bf539c55dd2?w=400&q=80","active"
"Breeze Sandal","196","Women's performance footwear with adaptive cushioning and breathable upper.","Women — Shoes","","UK 3,UK 4,UK 5,UK 6,UK 7,UK 8","https://images.unsplash.com/photo-1543163521-1bf539c55dd2?w=400&q=80","active"
"Drift Espadrille","205","Women's performance footwear with adaptive cushioning and breathable upper.","Women — Shoes","","UK 3,UK 4,UK 5,UK 6,UK 7,UK 8","https://images.unsplash.com/photo-1543163521-1bf539c55dd2?w=400&q=80","active"
"Aura Wind Jacket","99","Premium women's outerwear with packable design and weather-resistant finish.","Women — Jackets","HOT","XS,S,M,L,XL,XXL","https://images.unsplash.com/photo-1548624313-0396c75e4c90?w=400&q=80","active"
"Flow Rain Shell","110","Premium women's outerwear with packable design and weather-resistant finish.","Women — Jackets","SALE","XS,S,M,L,XL,XXL","https://images.unsplash.com/photo-1548624313-0396c75e4c90?w=400&q=80","active"
"Pulse Puffer Vest","121","Premium women's outerwear with packable design and weather-resistant finish.","Women — Jackets","EXCLUSIVE","XS,S,M,L,XL,XXL","https://images.unsplash.com/photo-1548624313-0396c75e4c90?w=400&q=80","active"
"Rise Fleece Jacket","132","Premium women's outerwear with packable design and weather-resistant finish.","Women — Jackets","LIMITED","XS,S,M,L,XL,XXL","https://images.unsplash.com/photo-1548624313-0396c75e4c90?w=400&q=80","active"
"Luna Bomber Jacket","143","Premium women's outerwear with packable design and weather-resistant finish.","Women — Jackets","BESTSELLER","XS,S,M,L,XL,XXL","https://images.unsplash.com/photo-1548624313-0396c75e4c90?w=400&q=80","active"
"Radiance 3-in-1 Jacket","154","Premium women's outerwear with packable design and weather-resistant finish.","Women — Jackets","","XS,S,M,L,XL,XXL","https://images.unsplash.com/photo-1548624313-0396c75e4c90?w=400&q=80","active"
"Bloom Softshell","165","Premium women's outerwear with packable design and weather-resistant finish.","Women — Jackets","","XS,S,M,L,XL,XXL","https://images.unsplash.com/photo-1548624313-0396c75e4c90?w=400&q=80","active"
"Spirit Down Jacket","176","Premium women's outerwear with packable design and weather-resistant finish.","Women — Jackets","","XS,S,M,L,XL,XXL","https://images.unsplash.com/photo-1548624313-0396c75e4c90?w=400&q=80","active"
"Zenith Track Jacket","187","Premium women's outerwear with packable design and weather-resistant finish.","Women — Jackets","NEW","XS,S,M,L,XL,XXL","https://images.unsplash.com/photo-1548624313-0396c75e4c90?w=400&q=80","active"
"Nova Cropped Windbreaker","198","Premium women's outerwear with packable design and weather-resistant finish.","Women — Jackets","HOT","XS,S,M,L,XL,XXL","https://images.unsplash.com/photo-1548624313-0396c75e4c90?w=400&q=80","active"
"Flow 2-Piece Set","79","Coordinated activewear set with matching top and bottom in sweat-wicking fabric.","Women — Activewear","SALE","XS,S,M,L,XL,XXL","https://images.unsplash.com/photo-1518310383802-640c2de311b2?w=400&q=80","active"
"Pulse Matching Set","85","Coordinated activewear set with matching top and bottom in sweat-wicking fabric.","Women — Activewear","EXCLUSIVE","XS,S,M,L,XL,XXL","https://images.unsplash.com/photo-1518310383802-640c2de311b2?w=400&q=80","active"
"Rise Training Set","91","Coordinated activewear set with matching top and bottom in sweat-wicking fabric.","Women — Activewear","LIMITED","XS,S,M,L,XL,XXL","https://images.unsplash.com/photo-1518310383802-640c2de311b2?w=400&q=80","active"
"Aura Seamless Set","97","Coordinated activewear set with matching top and bottom in sweat-wicking fabric.","Women — Activewear","BESTSELLER","XS,S,M,L,XL,XXL","https://images.unsplash.com/photo-1518310383802-640c2de311b2?w=400&q=80","active"
"Luna Sports Set","103","Coordinated activewear set with matching top and bottom in sweat-wicking fabric.","Women — Activewear","","XS,S,M,L,XL,XXL","https://images.unsplash.com/photo-1518310383802-640c2de311b2?w=400&q=80","active"
"Radiance Gym Set","109","Coordinated activewear set with matching top and bottom in sweat-wicking fabric.","Women — Activewear","","XS,S,M,L,XL,XXL","https://images.unsplash.com/photo-1518310383802-640c2de311b2?w=400&q=80","active"
"Bloom Workout Set","115","Coordinated activewear set with matching top and bottom in sweat-wicking fabric.","Women — Activewear","","XS,S,M,L,XL,XXL","https://images.unsplash.com/photo-1518310383802-640c2de311b2?w=400&q=80","active"
"Spirit Active Set","121","Coordinated activewear set with matching top and bottom in sweat-wicking fabric.","Women — Activewear","NEW","XS,S,M,L,XL,XXL","https://images.unsplash.com/photo-1518310383802-640c2de311b2?w=400&q=80","active"
"Zenith Performance Set","127","Coordinated activewear set with matching top and bottom in sweat-wicking fabric.","Women — Activewear","HOT","XS,S,M,L,XL,XXL","https://images.unsplash.com/photo-1518310383802-640c2de311b2?w=400&q=80","active"
"Nova Yoga Set","133","Coordinated activewear set with matching top and bottom in sweat-wicking fabric.","Women — Activewear","SALE","XS,S,M,L,XL,XXL","https://images.unsplash.com/photo-1518310383802-640c2de311b2?w=400&q=80","active"
"Flow Yoga Mat Bag","29","Essential women's training accessory combining function with design.","Women — Accessories","HOT","","https://images.unsplash.com/photo-1535632066927-ab7c9ab60908?w=400&q=80","sold_out"
"Pulse Gym Tote","45","Essential women's training accessory combining function with design.","Women — Accessories","SALE","","https://images.unsplash.com/photo-1535632066927-ab7c9ab60908?w=400&q=80","active"
"Aura Water Bottle","32","Essential women's training accessory combining function with design.","Women — Accessories","EXCLUSIVE","","https://images.unsplash.com/photo-1535632066927-ab7c9ab60908?w=400&q=80","active"
"Luna Hair Ties 5-Pack","12","Essential women's training accessory combining function with design.","Women — Accessories","LIMITED","","https://images.unsplash.com/photo-1535632066927-ab7c9ab60908?w=400&q=80","active"
"Radiance Headband Set","18","Essential women's training accessory combining function with design.","Women — Accessories","BESTSELLER","","https://images.unsplash.com/photo-1535632066927-ab7c9ab60908?w=400&q=80","active"
"Spirit Resistance Bands","35","Essential women's training accessory combining function with design.","Women — Accessories","","","https://images.unsplash.com/photo-1535632066927-ab7c9ab60908?w=400&q=80","active"
"Zenith Running Belt","25","Essential women's training accessory combining function with design.","Women — Accessories","","","https://images.unsplash.com/photo-1535632066927-ab7c9ab60908?w=400&q=80","active"
"Bloom Cap","22","Essential women's training accessory combining function with design.","Women — Accessories","","","https://images.unsplash.com/photo-1535632066927-ab7c9ab60908?w=400&q=80","active"
"Mini Strike Tee","29","Durable kids' sportswear in breathable fabric with reinforced seams for active play.","Kids — Clothing","LIMITED","4Y,6Y,8Y,10Y,12Y","https://images.unsplash.com/photo-1519238263530-99bdd11df2ea?w=400&q=80","active"
"Junior Hoodie","32","Durable kids' sportswear in breathable fabric with reinforced seams for active play.","Kids — Clothing","BESTSELLER","4Y,6Y,8Y,10Y,12Y","https://images.unsplash.com/photo-1519238263530-99bdd11df2ea?w=400&q=80","active"
"Young Athlete Tracksuit","35","Durable kids' sportswear in breathable fabric with reinforced seams for active play.","Kids — Clothing","","4Y,6Y,8Y,10Y,12Y","https://images.unsplash.com/photo-1519238263530-99bdd11df2ea?w=400&q=80","active"
"Kids Run Short","38","Durable kids' sportswear in breathable fabric with reinforced seams for active play.","Kids — Clothing","","4Y,6Y,8Y,10Y,12Y","https://images.unsplash.com/photo-1519238263530-99bdd11df2ea?w=400&q=80","active"
"Junior Training Tee","41","Durable kids' sportswear in breathable fabric with reinforced seams for active play.","Kids — Clothing","","4Y,6Y,8Y,10Y,12Y","https://images.unsplash.com/photo-1519238263530-99bdd11df2ea?w=400&q=80","active"
"Mini Graphic Tee","44","Durable kids' sportswear in breathable fabric with reinforced seams for active play.","Kids — Clothing","NEW","4Y,6Y,8Y,10Y,12Y","https://images.unsplash.com/photo-1519238263530-99bdd11df2ea?w=400&q=80","active"
"Young Champ Jogger","47","Durable kids' sportswear in breathable fabric with reinforced seams for active play.","Kids — Clothing","HOT","4Y,6Y,8Y,10Y,12Y","https://images.unsplash.com/photo-1519238263530-99bdd11df2ea?w=400&q=80","active"
"Kids Sport Polo","50","Durable kids' sportswear in breathable fabric with reinforced seams for active play.","Kids — Clothing","SALE","4Y,6Y,8Y,10Y,12Y","https://images.unsplash.com/photo-1519238263530-99bdd11df2ea?w=400&q=80","active"
"Junior Legging","53","Durable kids' sportswear in breathable fabric with reinforced seams for active play.","Kids — Clothing","EXCLUSIVE","4Y,6Y,8Y,10Y,12Y","https://images.unsplash.com/photo-1519238263530-99bdd11df2ea?w=400&q=80","active"
"Mini Windbreaker","56","Durable kids' sportswear in breathable fabric with reinforced seams for active play.","Kids — Clothing","LIMITED","4Y,6Y,8Y,10Y,12Y","https://images.unsplash.com/photo-1519238263530-99bdd11df2ea?w=400&q=80","active"
"Junior Striker","45","Lightweight kids' shoes with cushioned insole and durable rubber outsole.","Kids — Shoes","NEW","UK 1,UK 2,UK 3,UK 4,UK 5","https://images.unsplash.com/photo-1515955986820-4b82c2c1a1da?w=400&q=80","active"
"Mini Runner","51","Lightweight kids' shoes with cushioned insole and durable rubber outsole.","Kids — Shoes","HOT","UK 1,UK 2,UK 3,UK 4,UK 5","https://images.unsplash.com/photo-1515955986820-4b82c2c1a1da?w=400&q=80","active"
"Young Hooper","57","Lightweight kids' shoes with cushioned insole and durable rubber outsole.","Kids — Shoes","SALE","UK 1,UK 2,UK 3,UK 4,UK 5","https://images.unsplash.com/photo-1515955986820-4b82c2c1a1da?w=400&q=80","active"
"Kids Trail Shoe","63","Lightweight kids' shoes with cushioned insole and durable rubber outsole.","Kids — Shoes","EXCLUSIVE","UK 1,UK 2,UK 3,UK 4,UK 5","https://images.unsplash.com/photo-1515955986820-4b82c2c1a1da?w=400&q=80","active"
"Junior Court Shoe","69","Lightweight kids' shoes with cushioned insole and durable rubber outsole.","Kids — Shoes","LIMITED","UK 1,UK 2,UK 3,UK 4,UK 5","https://images.unsplash.com/photo-1515955986820-4b82c2c1a1da?w=400&q=80","active"
"Mini Trainer","75","Lightweight kids' shoes with cushioned insole and durable rubber outsole.","Kids — Shoes","BESTSELLER","UK 1,UK 2,UK 3,UK 4,UK 5","https://images.unsplash.com/photo-1515955986820-4b82c2c1a1da?w=400&q=80","active"
"Young Speedster","81","Lightweight kids' shoes with cushioned insole and durable rubber outsole.","Kids — Shoes","","UK 1,UK 2,UK 3,UK 4,UK 5","https://images.unsplash.com/photo-1515955986820-4b82c2c1a1da?w=400&q=80","active"
"Kids Slip-On","87","Lightweight kids' shoes with cushioned insole and durable rubber outsole.","Kids — Shoes","","UK 1,UK 2,UK 3,UK 4,UK 5","https://images.unsplash.com/photo-1515955986820-4b82c2c1a1da?w=400&q=80","active"
"Junior Cap","18","Fun and functional kids' accessory designed for active lifestyles.","Kids — Accessories","EXCLUSIVE","","https://images.unsplash.com/photo-1523275335684-37898b6baf30?w=400&q=80","sold_out"
"Kids Water Bottle","22","Fun and functional kids' accessory designed for active lifestyles.","Kids — Accessories","LIMITED","","https://images.unsplash.com/photo-1523275335684-37898b6baf30?w=400&q=80","active"
"Mini Backpack","35","Fun and functional kids' accessory designed for active lifestyles.","Kids — Accessories","BESTSELLER","","https://images.unsplash.com/photo-1523275335684-37898b6baf30?w=400&q=80","active"
"Junior Socks 3-Pack","12","Fun and functional kids' accessory designed for active lifestyles.","Kids — Accessories","","","https://images.unsplash.com/photo-1523275335684-37898b6baf30?w=400&q=80","active"
"Kids Headband","10","Fun and functional kids' accessory designed for active lifestyles.","Kids — Accessories","","","https://images.unsplash.com/photo-1523275335684-37898b6baf30?w=400&q=80","active"
"Core Logo Tee","34","Unisex essential designed for all athletes regardless of gender or sport.","Unisex","BESTSELLER","XS,S,M,L,XL,XXL","https://images.unsplash.com/photo-1558618666-fcd25c85cd64?w=400&q=80","active"
"Stealth Crew Sweatshirt","79","Unisex essential designed for all athletes regardless of gender or sport.","Unisex","","XS,S,M,L,XL,XXL","https://images.unsplash.com/photo-1558618666-fcd25c85cd64?w=400&q=80","active"
"Strike Cap","28","Unisex essential designed for all athletes regardless of gender or sport.","Unisex","","XS,S,M,L,XL,XXL","https://images.unsplash.com/photo-1558618666-fcd25c85cd64?w=400&q=80","active"
"Performance Socks 3-Pack","18","Unisex essential designed for all athletes regardless of gender or sport.","Unisex","","XS,S,M,L,XL,XXL","https://images.unsplash.com/photo-1558618666-fcd25c85cd64?w=400&q=80","active"
"Trident Gym Bag","65","Unisex essential designed for all athletes regardless of gender or sport.","Unisex","NEW","XS,S,M,L,XL,XXL","https://images.unsplash.com/photo-1558618666-fcd25c85cd64?w=400&q=80","active"
"All-Day Jogger","69","Unisex essential designed for all athletes regardless of gender or sport.","Unisex","HOT","XS,S,M,L,XL,XXL","https://images.unsplash.com/photo-1558618666-fcd25c85cd64?w=400&q=80","active"
"Essential Hoodie","89","Unisex essential designed for all athletes regardless of gender or sport.","Unisex","SALE","XS,S,M,L,XL,XXL","https://images.unsplash.com/photo-1558618666-fcd25c85cd64?w=400&q=80","active"
"Base Layer Long-Sleeve","49","Unisex essential designed for all athletes regardless of gender or sport.","Unisex","EXCLUSIVE","XS,S,M,L,XL,XXL","https://images.unsplash.com/photo-1558618666-fcd25c85cd64?w=400&q=80","active"
"Training Gloves","35","Unisex essential designed for all athletes regardless of gender or sport.","Unisex","LIMITED","XS,S,M,L,XL,XXL","https://images.unsplash.com/photo-1558618666-fcd25c85cd64?w=400&q=80","active"
"Reflective Running Vest","55","Unisex essential designed for all athletes regardless of gender or sport.","Unisex","BESTSELLER","XS,S,M,L,XL,XXL","https://images.unsplash.com/photo-1558618666-fcd25c85cd64?w=400&q=80","active"
